SET SERVEROUTPUT ON;

PROMPT Dropping existing tables if they exist...
BEGIN EXECUTE IMMEDIATE 'DROP TABLE certifications CASCADE CONSTRAINTS PURGE'; EXCEPTION WHEN OTHERS THEN IF SQLCODE != -942 THEN RAISE; END IF; END;
/
BEGIN EXECUTE IMMEDIATE 'DROP TABLE payments CASCADE CONSTRAINTS PURGE'; EXCEPTION WHEN OTHERS THEN IF SQLCODE != -942 THEN RAISE; END IF; END;
/
BEGIN EXECUTE IMMEDIATE 'DROP TABLE enrollments CASCADE CONSTRAINTS PURGE'; EXCEPTION WHEN OTHERS THEN IF SQLCODE != -942 THEN RAISE; END IF; END;
/
BEGIN EXECUTE IMMEDIATE 'DROP TABLE modules CASCADE CONSTRAINTS PURGE'; EXCEPTION WHEN OTHERS THEN IF SQLCODE != -942 THEN RAISE; END IF; END;
/
BEGIN EXECUTE IMMEDIATE 'DROP TABLE courses CASCADE CONSTRAINTS PURGE'; EXCEPTION WHEN OTHERS THEN IF SQLCODE != -942 THEN RAISE; END IF; END;
/
BEGIN EXECUTE IMMEDIATE 'DROP TABLE students CASCADE CONSTRAINTS PURGE'; EXCEPTION WHEN OTHERS THEN IF SQLCODE != -942 THEN RAISE; END IF; END;
/
BEGIN EXECUTE IMMEDIATE 'DROP TABLE instructors CASCADE CONSTRAINTS PURGE'; EXCEPTION WHEN OTHERS THEN IF SQLCODE != -942 THEN RAISE; END IF; END;
/

PROMPT Creating tables...
create table students (
   student_id    number generated by default as identity primary key,
   first_name    varchar2(50) not null,
   last_name     varchar2(50) not null,
   email         varchar2(100) not null unique,
   phone         varchar2(20),
   date_of_birth date,
   registered_at date default sysdate,
   status        varchar2(20) default 'ACTIVE',
   constraint chk_student_status check ( status in ( 'ACTIVE', 'INACTIVE' ) )
);

create table instructors (
   instructor_id  number generated by default as identity primary key,
   first_name     varchar2(50) not null,
   last_name      varchar2(50) not null,
   email          varchar2(100) not null unique,
   phone          varchar2(20),
   specialization varchar2(100),
   hired_date     date default sysdate,
   status         varchar2(20) default 'ACTIVE',
   constraint chk_instructor_status check ( status in ( 'ACTIVE', 'INACTIVE' ) )
);

create table courses (
   course_id      number generated by default as identity primary key,
   instructor_id  number not null,
   course_title   varchar2(150) not null,
   description    varchar2(500),
   category       varchar2(100),
   fee            number(10,2) default 0,
   duration_weeks number,
   level_name     varchar2(20),
   status         varchar2(20) default 'ACTIVE',
   constraint fk_course_instructor foreign key ( instructor_id )
      references instructors ( instructor_id ),
   constraint chk_course_fee check ( fee >= 0 ),
   constraint chk_course_level check ( level_name in ( 'BEGINNER', 'INTERMEDIATE', 'ADVANCED' ) ),
   constraint chk_course_status check ( status in ( 'ACTIVE', 'INACTIVE' ) )
);

create table modules (
   module_id          number generated by default as identity primary key,
   course_id          number not null,
   module_title       varchar2(150) not null,
   module_description varchar2(500),
   module_order       number not null,
   duration_hours     number(5,2),
   constraint fk_module_course foreign key ( course_id )
      references courses ( course_id ),
   constraint uq_course_module_order unique ( course_id, module_order ),
   constraint chk_module_duration check ( duration_hours >= 0 )
);

create table enrollments (
   enrollment_id     number generated by default as identity primary key,
   student_id        number not null,
   course_id         number not null,
   enrollment_date   date default sysdate,
   completion_status varchar2(20) default 'ENROLLED',
   progress_percent  number(5,2) default 0,
   constraint fk_enrollment_student foreign key ( student_id )
      references students ( student_id ),
   constraint fk_enrollment_course foreign key ( course_id )
      references courses ( course_id ),
   constraint uq_student_course unique ( student_id, course_id ),
   constraint chk_completion_status check ( completion_status in ( 'ENROLLED', 'IN_PROGRESS', 'COMPLETED', 'DROPPED' ) ),
   constraint chk_progress_percent check ( progress_percent >= 0 and progress_percent <= 100 )
);

create table payments (
   payment_id     number generated by default as identity primary key,
   enrollment_id  number not null,
   amount         number(10,2) not null,
   payment_date   date default sysdate,
   payment_method varchar2(30),
   payment_status varchar2(20) default 'PENDING',
   constraint fk_payment_enrollment foreign key ( enrollment_id )
      references enrollments ( enrollment_id ),
   constraint chk_payment_amount check ( amount >= 0 ),
   constraint chk_payment_status check ( payment_status in ( 'PENDING', 'PAID', 'FAILED' ) )
);

create table certifications (
   certificate_id     number generated by default as identity primary key,
   enrollment_id      number not null unique,
   certificate_code   varchar2(50) not null unique,
   issue_date         date default sysdate,
   grade              varchar2(10),
   certificate_status varchar2(20) default 'ISSUED',
   constraint fk_certificate_enrollment foreign key ( enrollment_id )
      references enrollments ( enrollment_id ),
   constraint chk_certificate_status check ( certificate_status in ( 'ISSUED', 'REVOKED' ) )
);

PROMPT Creating PL/SQL...
create or replace procedure enroll_student (
   p_student_id in enrollments.student_id%type,
   p_course_id  in enrollments.course_id%type
) as
   v_count number;
begin
   select count(*) into v_count from students where student_id = p_student_id;
   if v_count = 0 then
      raise_application_error(-20001, 'Student does not exist.');
   end if;

   select count(*) into v_count from courses where course_id = p_course_id;
   if v_count = 0 then
      raise_application_error(-20002, 'Course does not exist.');
   end if;

   select count(*) into v_count from enrollments where student_id = p_student_id and course_id = p_course_id;
   if v_count > 0 then
      raise_application_error(-20003, 'Student is already enrolled in this course.');
   end if;

   insert into enrollments (student_id, course_id, enrollment_date, completion_status, progress_percent)
   values (p_student_id, p_course_id, sysdate, 'ENROLLED', 0);
exception
   when dup_val_on_index then
      raise_application_error(-20003, 'Student is already enrolled in this course.');
end;
/
show errors;

create or replace procedure record_payment (
   p_enrollment_id  in payments.enrollment_id%type,
   p_amount         in payments.amount%type,
   p_payment_method in payments.payment_method%type,
   p_payment_status in payments.payment_status%type
) as
   v_count number;
begin
   select count(*) into v_count from enrollments where enrollment_id = p_enrollment_id;
   if v_count = 0 then
      raise_application_error(-20004, 'Enrollment does not exist.');
   end if;

   select count(*) into v_count
   from payments
   where enrollment_id = p_enrollment_id
     and payment_status = 'PAID';

   if v_count > 0 then
      raise_application_error(-20008, 'A successful payment already exists for this enrollment.');
   end if;

   insert into payments (enrollment_id, amount, payment_date, payment_method, payment_status)
   values (p_enrollment_id, p_amount, sysdate, p_payment_method, p_payment_status);
exception
   when dup_val_on_index then
      raise_application_error(-20008, 'A successful payment already exists for this enrollment.');
end;
/
show errors;

create or replace function get_student_total_payments (
   p_student_id in students.student_id%type
) return number as
   v_total number := 0;
begin
   select nvl(sum(p.amount), 0)
     into v_total
     from payments p
     join enrollments e on p.enrollment_id = e.enrollment_id
    where e.student_id = p_student_id
      and p.payment_status = 'PAID';

   return v_total;
end;
/
show errors;

create or replace trigger trg_update_enrollment_after_payment
after insert on payments
for each row
begin
   if :new.payment_status = 'PAID' then
      update enrollments
         set completion_status = 'IN_PROGRESS',
             progress_percent = case when progress_percent = 0 then 10 else progress_percent end
       where enrollment_id = :new.enrollment_id
         and completion_status = 'ENROLLED';
   end if;
end;
/
show errors;

create or replace trigger trg_check_certificate_completion
before insert on certifications
for each row
declare
   v_status enrollments.completion_status%type;
begin
   select completion_status into v_status
   from enrollments
   where enrollment_id = :new.enrollment_id;

   if v_status <> 'COMPLETED' then
      raise_application_error(-20005, 'Certificate can only be issued for completed enrollments.');
   end if;
end;
/
show errors;

create or replace procedure issue_certificate (
   p_enrollment_id    in certifications.enrollment_id%type,
   p_certificate_code in certifications.certificate_code%type,
   p_grade            in certifications.grade%type
) as
   v_count number;
begin
   select count(*) into v_count from enrollments where enrollment_id = p_enrollment_id;
   if v_count = 0 then
      raise_application_error(-20006, 'Enrollment does not exist.');
   end if;

   select count(*) into v_count from certifications where enrollment_id = p_enrollment_id;
   if v_count > 0 then
      raise_application_error(-20007, 'Certificate already exists for this enrollment.');
   end if;

   insert into certifications (enrollment_id, certificate_code, issue_date, grade, certificate_status)
   values (p_enrollment_id, p_certificate_code, sysdate, p_grade, 'ISSUED');
exception
   when dup_val_on_index then
      raise_application_error(-20007, 'Certificate already exists for this enrollment.');
end;
/
show errors;

PROMPT Inserting Oracle seed data...

insert into instructors (first_name, last_name, email, phone, specialization, hired_date, status)
values ('Ayesha', 'Perera', 'ayesha.perera@lms.demo', '+94-71-200-1001', 'Data Analytics', date '2022-01-10', 'ACTIVE');
insert into instructors (first_name, last_name, email, phone, specialization, hired_date, status)
values ('Nimal', 'Fernando', 'nimal.fernando@lms.demo', '+94-71-200-1002', 'Web Development', date '2021-07-18', 'ACTIVE');
insert into instructors (first_name, last_name, email, phone, specialization, hired_date, status)
values ('Kavindi', 'Silva', 'kavindi.silva@lms.demo', '+94-71-200-1003', 'Cloud Computing', date '2023-03-01', 'ACTIVE');
insert into instructors (first_name, last_name, email, phone, specialization, hired_date, status)
values ('Ruwan', 'Jayasuriya', 'ruwan.j@lms.demo', '+94-71-200-1004', 'Cybersecurity', date '2020-11-12', 'ACTIVE');

insert into students (first_name, last_name, email, phone, date_of_birth, registered_at, status)
values ('John', 'Silva', 'john.silva@student.demo', '+94-77-555-1001', date '2001-05-12', date '2025-01-08', 'ACTIVE');
insert into students (first_name, last_name, email, phone, date_of_birth, registered_at, status)
values ('Ishara', 'Fernando', 'ishara.fernando@student.demo', '+94-77-555-1002', date '2000-09-21', date '2025-01-15', 'ACTIVE');
insert into students (first_name, last_name, email, phone, date_of_birth, registered_at, status)
values ('Kamal', 'Peris', 'kamal.peris@student.demo', '+94-77-555-1003', date '1999-12-02', date '2025-02-01', 'ACTIVE');
insert into students (first_name, last_name, email, phone, date_of_birth, registered_at, status)
values ('Nethmi', 'Dias', 'nethmi.dias@student.demo', '+94-77-555-1004', date '2002-03-18', date '2025-02-12', 'ACTIVE');
insert into students (first_name, last_name, email, phone, date_of_birth, registered_at, status)
values ('Rashen', 'Gunawardena', 'rashen.g@student.demo', '+94-77-555-1005', date '2001-07-29', date '2025-02-15', 'ACTIVE');
insert into students (first_name, last_name, email, phone, date_of_birth, registered_at, status)
values ('Piumi', 'Weerasinghe', 'piumi.w@student.demo', '+94-77-555-1006', date '2003-01-11', date '2025-02-17', 'ACTIVE');

insert into courses (instructor_id, course_title, description, category, fee, duration_weeks, level_name, status)
values (1, 'Data Analytics with Python', 'Explore cleaning, analysis, and dashboards using Python notebooks and real datasets.', 'Data Science', 28000, 10, 'INTERMEDIATE', 'ACTIVE');
insert into courses (instructor_id, course_title, description, category, fee, duration_weeks, level_name, status)
values (2, 'Full-Stack JavaScript Bootcamp', 'Build REST APIs and modern frontend apps with a practical workflow.', 'Web Development', 32000, 12, 'INTERMEDIATE', 'ACTIVE');
insert into courses (instructor_id, course_title, description, category, fee, duration_weeks, level_name, status)
values (3, 'Cloud Foundations on AWS', 'Understand cloud concepts, compute, storage, networking, and deployment basics.', 'Cloud Computing', 26000, 9, 'BEGINNER', 'ACTIVE');
insert into courses (instructor_id, course_title, description, category, fee, duration_weeks, level_name, status)
values (4, 'Cybersecurity Essentials', 'Cover security fundamentals, authentication, risks, threats, and secure practices.', 'Security', 24000, 8, 'BEGINNER', 'ACTIVE');

insert into modules (course_id, module_title, module_description, module_order, duration_hours)
values (1, 'Python for Analysis', 'Core Python needed for practical analytics.', 1, 6);
insert into modules (course_id, module_title, module_description, module_order, duration_hours)
values (1, 'Data Cleaning and Exploration', 'Cleaning datasets and extracting patterns.', 2, 7);
insert into modules (course_id, module_title, module_description, module_order, duration_hours)
values (2, 'Node and Express APIs', 'Routing, middleware, validation, and controllers.', 1, 8);
insert into modules (course_id, module_title, module_description, module_order, duration_hours)
values (2, 'MongoDB and Mongoose', 'Schema design, references, and CRUD operations.', 2, 7);
insert into modules (course_id, module_title, module_description, module_order, duration_hours)
values (3, 'Cloud Concepts', 'Shared responsibility, pricing, and service models.', 1, 5);
insert into modules (course_id, module_title, module_description, module_order, duration_hours)
values (3, 'Core AWS Services', 'EC2, S3, IAM, and networking basics.', 2, 6);
insert into modules (course_id, module_title, module_description, module_order, duration_hours)
values (4, 'Threat Landscape', 'Common attacks, actors, and attack surfaces.', 1, 5);
insert into modules (course_id, module_title, module_description, module_order, duration_hours)
values (4, 'Authentication and Access Control', 'Passwords, MFA, and permissions.', 2, 6);

insert into enrollments (student_id, course_id, enrollment_date, completion_status, progress_percent)
values (1, 1, date '2025-05-01', 'COMPLETED', 100);
insert into enrollments (student_id, course_id, enrollment_date, completion_status, progress_percent)
values (2, 2, date '2025-05-06', 'IN_PROGRESS', 66);
insert into enrollments (student_id, course_id, enrollment_date, completion_status, progress_percent)
values (3, 3, date '2025-05-14', 'COMPLETED', 100);
insert into enrollments (student_id, course_id, enrollment_date, completion_status, progress_percent)
values (4, 4, date '2025-06-01', 'ENROLLED', 15);

insert into payments (enrollment_id, amount, payment_date, payment_method, payment_status)
values (1, 28000, date '2025-05-01', 'CARD', 'PAID');
insert into payments (enrollment_id, amount, payment_date, payment_method, payment_status)
values (2, 32000, date '2025-05-06', 'BANK_TRANSFER', 'PENDING');
insert into payments (enrollment_id, amount, payment_date, payment_method, payment_status)
values (3, 26000, date '2025-05-14', 'CARD', 'PAID');

insert into certifications (enrollment_id, certificate_code, issue_date, grade, certificate_status)
values (1, 'CERT-DAP-2025-0001', date '2025-06-30', 'A', 'ISSUED');
insert into certifications (enrollment_id, certificate_code, issue_date, grade, certificate_status)
values (3, 'CERT-CLD-2025-0002', date '2025-07-20', 'A-', 'ISSUED');

commit;

PROMPT Oracle rebuild and seed complete.
