SET SERVEROUTPUT ON;

-- =========================================================
-- LMS Oracle seed data
-- Safe reset order: child tables -> parent tables
-- Uses explicit IDs so MongoDB seed data can reference them reliably.
-- =========================================================

BEGIN EXECUTE IMMEDIATE 'DELETE FROM certifications'; EXCEPTION WHEN OTHERS THEN NULL; END;
/
BEGIN EXECUTE IMMEDIATE 'DELETE FROM payments'; EXCEPTION WHEN OTHERS THEN NULL; END;
/
BEGIN EXECUTE IMMEDIATE 'DELETE FROM enrollments'; EXCEPTION WHEN OTHERS THEN NULL; END;
/
BEGIN EXECUTE IMMEDIATE 'DELETE FROM modules'; EXCEPTION WHEN OTHERS THEN NULL; END;
/
BEGIN EXECUTE IMMEDIATE 'DELETE FROM courses'; EXCEPTION WHEN OTHERS THEN NULL; END;
/
BEGIN EXECUTE IMMEDIATE 'DELETE FROM students'; EXCEPTION WHEN OTHERS THEN NULL; END;
/
BEGIN EXECUTE IMMEDIATE 'DELETE FROM instructors'; EXCEPTION WHEN OTHERS THEN NULL; END;
/
COMMIT;

-- Optional identity reset
BEGIN EXECUTE IMMEDIATE 'ALTER TABLE certifications MODIFY certificate_id GENERATED BY DEFAULT AS IDENTITY (START WITH 1)'; EXCEPTION WHEN OTHERS THEN NULL; END;
/
BEGIN EXECUTE IMMEDIATE 'ALTER TABLE payments MODIFY payment_id GENERATED BY DEFAULT AS IDENTITY (START WITH 1)'; EXCEPTION WHEN OTHERS THEN NULL; END;
/
BEGIN EXECUTE IMMEDIATE 'ALTER TABLE enrollments MODIFY enrollment_id GENERATED BY DEFAULT AS IDENTITY (START WITH 1)'; EXCEPTION WHEN OTHERS THEN NULL; END;
/
BEGIN EXECUTE IMMEDIATE 'ALTER TABLE modules MODIFY module_id GENERATED BY DEFAULT AS IDENTITY (START WITH 1)'; EXCEPTION WHEN OTHERS THEN NULL; END;
/
BEGIN EXECUTE IMMEDIATE 'ALTER TABLE courses MODIFY course_id GENERATED BY DEFAULT AS IDENTITY (START WITH 1)'; EXCEPTION WHEN OTHERS THEN NULL; END;
/
BEGIN EXECUTE IMMEDIATE 'ALTER TABLE students MODIFY student_id GENERATED BY DEFAULT AS IDENTITY (START WITH 1)'; EXCEPTION WHEN OTHERS THEN NULL; END;
/
BEGIN EXECUTE IMMEDIATE 'ALTER TABLE instructors MODIFY instructor_id GENERATED BY DEFAULT AS IDENTITY (START WITH 1)'; EXCEPTION WHEN OTHERS THEN NULL; END;
/

-- =========================================================
-- Instructors
-- =========================================================
INSERT INTO instructors (instructor_id, first_name, last_name, email, phone, specialization, hired_date, status) VALUES (1, 'Ayesha', 'Perera', 'ayesha.perera@lms.demo', '+94-71-200-1001', 'Data Analytics', DATE '2022-01-10', 'ACTIVE');
INSERT INTO instructors (instructor_id, first_name, last_name, email, phone, specialization, hired_date, status) VALUES (2, 'Nimal', 'Fernando', 'nimal.fernando@lms.demo', '+94-71-200-1002', 'Web Development', DATE '2021-07-18', 'ACTIVE');
INSERT INTO instructors (instructor_id, first_name, last_name, email, phone, specialization, hired_date, status) VALUES (3, 'Kavindi', 'Silva', 'kavindi.silva@lms.demo', '+94-71-200-1003', 'Cloud Computing', DATE '2023-03-01', 'ACTIVE');
INSERT INTO instructors (instructor_id, first_name, last_name, email, phone, specialization, hired_date, status) VALUES (4, 'Ruwan', 'Jayasuriya', 'ruwan.j@lms.demo', '+94-71-200-1004', 'Cybersecurity', DATE '2020-11-12', 'ACTIVE');
INSERT INTO instructors (instructor_id, first_name, last_name, email, phone, specialization, hired_date, status) VALUES (5, 'Malithi', 'Gooneratne', 'malithi.g@lms.demo', '+94-71-200-1005', 'UI/UX Design', DATE '2024-02-14', 'ACTIVE');
INSERT INTO instructors (instructor_id, first_name, last_name, email, phone, specialization, hired_date, status) VALUES (6, 'Tharindu', 'Wijesekara', 'tharindu.w@lms.demo', '+94-71-200-1006', 'Database Systems', DATE '2021-05-09', 'ACTIVE');

-- =========================================================
-- Students
-- =========================================================
INSERT INTO students (student_id, first_name, last_name, email, phone, date_of_birth, registered_at, status) VALUES (1, 'John', 'Silva', 'john.silva@student.demo', '+94-77-555-1001', DATE '2001-05-12', DATE '2025-01-08', 'ACTIVE');
INSERT INTO students (student_id, first_name, last_name, email, phone, date_of_birth, registered_at, status) VALUES (2, 'Ishara', 'Fernando', 'ishara.fernando@student.demo', '+94-77-555-1002', DATE '2000-09-21', DATE '2025-01-15', 'ACTIVE');
INSERT INTO students (student_id, first_name, last_name, email, phone, date_of_birth, registered_at, status) VALUES (3, 'Kamal', 'Peris', 'kamal.peris@student.demo', '+94-77-555-1003', DATE '1999-12-02', DATE '2025-02-01', 'ACTIVE');
INSERT INTO students (student_id, first_name, last_name, email, phone, date_of_birth, registered_at, status) VALUES (4, 'Nethmi', 'Dias', 'nethmi.dias@student.demo', '+94-77-555-1004', DATE '2002-03-18', DATE '2025-02-12', 'ACTIVE');
INSERT INTO students (student_id, first_name, last_name, email, phone, date_of_birth, registered_at, status) VALUES (5, 'Rashen', 'Gunawardena', 'rashen.g@student.demo', '+94-77-555-1005', DATE '2001-07-29', DATE '2025-02-15', 'ACTIVE');
INSERT INTO students (student_id, first_name, last_name, email, phone, date_of_birth, registered_at, status) VALUES (6, 'Piumi', 'Weerasinghe', 'piumi.w@student.demo', '+94-77-555-1006', DATE '2003-01-11', DATE '2025-02-17', 'ACTIVE');
INSERT INTO students (student_id, first_name, last_name, email, phone, date_of_birth, registered_at, status) VALUES (7, 'Hasitha', 'Ranasinghe', 'hasitha.r@student.demo', '+94-77-555-1007', DATE '2000-11-30', DATE '2025-03-02', 'ACTIVE');
INSERT INTO students (student_id, first_name, last_name, email, phone, date_of_birth, registered_at, status) VALUES (8, 'Dinuki', 'Abeyratne', 'dinuki.a@student.demo', '+94-77-555-1008', DATE '2002-06-24', DATE '2025-03-09', 'ACTIVE');
INSERT INTO students (student_id, first_name, last_name, email, phone, date_of_birth, registered_at, status) VALUES (9, 'Sahan', 'Mendis', 'sahan.m@student.demo', '+94-77-555-1009', DATE '1998-10-14', DATE '2025-03-11', 'ACTIVE');
INSERT INTO students (student_id, first_name, last_name, email, phone, date_of_birth, registered_at, status) VALUES (10, 'Udari', 'Karunaratne', 'udari.k@student.demo', '+94-77-555-1010', DATE '2001-08-07', DATE '2025-03-15', 'ACTIVE');
INSERT INTO students (student_id, first_name, last_name, email, phone, date_of_birth, registered_at, status) VALUES (11, 'Thisara', 'Lakshan', 'thisara.l@student.demo', '+94-77-555-1011', DATE '1999-02-19', DATE '2025-04-01', 'ACTIVE');
INSERT INTO students (student_id, first_name, last_name, email, phone, date_of_birth, registered_at, status) VALUES (12, 'Amaya', 'Senanayake', 'amaya.s@student.demo', '+94-77-555-1012', DATE '2003-04-03', DATE '2025-04-04', 'ACTIVE');

-- =========================================================
-- Courses
-- =========================================================
INSERT INTO courses (course_id, instructor_id, course_title, description, category, fee, duration_weeks, level_name, status) VALUES (1, 6, 'Database Design Fundamentals', 'Learn relational design, keys, normalization, and SQL modeling for production systems.', 'Databases', 18000, 8, 'BEGINNER', 'ACTIVE');
INSERT INTO courses (course_id, instructor_id, course_title, description, category, fee, duration_weeks, level_name, status) VALUES (2, 2, 'Full-Stack JavaScript Bootcamp', 'Build REST APIs and modern frontend apps with a practical project-driven workflow.', 'Web Development', 32000, 12, 'INTERMEDIATE', 'ACTIVE');
INSERT INTO courses (course_id, instructor_id, course_title, description, category, fee, duration_weeks, level_name, status) VALUES (3, 1, 'Data Analytics with Python', 'Explore cleaning, analysis, and dashboards using Python notebooks and real datasets.', 'Data Science', 28000, 10, 'INTERMEDIATE', 'ACTIVE');
INSERT INTO courses (course_id, instructor_id, course_title, description, category, fee, duration_weeks, level_name, status) VALUES (4, 3, 'Cloud Foundations on AWS', 'Understand cloud concepts, compute, storage, networking, and deployment basics.', 'Cloud Computing', 26000, 9, 'BEGINNER', 'ACTIVE');
INSERT INTO courses (course_id, instructor_id, course_title, description, category, fee, duration_weeks, level_name, status) VALUES (5, 4, 'Cybersecurity Essentials', 'Cover security fundamentals, authentication, risks, threats, and secure practices.', 'Security', 24000, 8, 'BEGINNER', 'ACTIVE');
INSERT INTO courses (course_id, instructor_id, course_title, description, category, fee, duration_weeks, level_name, status) VALUES (6, 5, 'UI UX Design for Product Teams', 'Design user journeys, wireframes, and prototypes for digital products.', 'Design', 22000, 7, 'BEGINNER', 'ACTIVE');
INSERT INTO courses (course_id, instructor_id, course_title, description, category, fee, duration_weeks, level_name, status) VALUES (7, 6, 'Advanced SQL and PL SQL', 'Write advanced queries, procedures, functions, and database logic in Oracle.', 'Databases', 30000, 10, 'ADVANCED', 'ACTIVE');
INSERT INTO courses (course_id, instructor_id, course_title, description, category, fee, duration_weeks, level_name, status) VALUES (8, 2, 'React Frontend Development', 'Create maintainable user interfaces with components, state, routing, and API integration.', 'Web Development', 25000, 8, 'INTERMEDIATE', 'ACTIVE');

-- =========================================================
-- Modules
-- =========================================================
INSERT INTO modules (module_id, course_id, module_title, module_description, module_order, duration_hours) VALUES (1, 1, 'Introduction to Relational Thinking', 'Tables, rows, columns, keys, and relationships.', 1, 4);
INSERT INTO modules (module_id, course_id, module_title, module_description, module_order, duration_hours) VALUES (2, 1, 'Normalization and Constraints', '1NF to 3NF, constraints, and integrity rules.', 2, 5);
INSERT INTO modules (module_id, course_id, module_title, module_description, module_order, duration_hours) VALUES (3, 1, 'SQL Query Essentials', 'SELECT, filtering, joins, and aggregation.', 3, 6);

INSERT INTO modules (module_id, course_id, module_title, module_description, module_order, duration_hours) VALUES (4, 2, 'Node and Express APIs', 'Routing, middleware, validation, and controllers.', 1, 8);
INSERT INTO modules (module_id, course_id, module_title, module_description, module_order, duration_hours) VALUES (5, 2, 'MongoDB and Mongoose', 'Schema design, references, and CRUD operations.', 2, 7);
INSERT INTO modules (module_id, course_id, module_title, module_description, module_order, duration_hours) VALUES (6, 2, 'Frontend Integration', 'Connecting a JS frontend to backend APIs.', 3, 8);

INSERT INTO modules (module_id, course_id, module_title, module_description, module_order, duration_hours) VALUES (7, 3, 'Python for Analysis', 'Core Python needed for practical analytics.', 1, 6);
INSERT INTO modules (module_id, course_id, module_title, module_description, module_order, duration_hours) VALUES (8, 3, 'Data Cleaning and Exploration', 'Cleaning datasets and extracting patterns.', 2, 7);
INSERT INTO modules (module_id, course_id, module_title, module_description, module_order, duration_hours) VALUES (9, 3, 'Dashboards and Storytelling', 'Presenting findings clearly to stakeholders.', 3, 6);

INSERT INTO modules (module_id, course_id, module_title, module_description, module_order, duration_hours) VALUES (10, 4, 'Cloud Concepts', 'Shared responsibility, pricing, and service models.', 1, 5);
INSERT INTO modules (module_id, course_id, module_title, module_description, module_order, duration_hours) VALUES (11, 4, 'Core AWS Services', 'EC2, S3, IAM, and networking basics.', 2, 6);
INSERT INTO modules (module_id, course_id, module_title, module_description, module_order, duration_hours) VALUES (12, 4, 'Deploying a Simple App', 'Using cloud services for app deployment.', 3, 5);

INSERT INTO modules (module_id, course_id, module_title, module_description, module_order, duration_hours) VALUES (13, 5, 'Threat Landscape', 'Common attacks, actors, and attack surfaces.', 1, 5);
INSERT INTO modules (module_id, course_id, module_title, module_description, module_order, duration_hours) VALUES (14, 5, 'Authentication and Access Control', 'Passwords, MFA, and permissions.', 2, 6);
INSERT INTO modules (module_id, course_id, module_title, module_description, module_order, duration_hours) VALUES (15, 5, 'Secure Development Basics', 'Input validation, secrets, and updates.', 3, 6);

INSERT INTO modules (module_id, course_id, module_title, module_description, module_order, duration_hours) VALUES (16, 6, 'Design Thinking', 'Discovery, framing, and ideation.', 1, 4);
INSERT INTO modules (module_id, course_id, module_title, module_description, module_order, duration_hours) VALUES (17, 6, 'Wireframing and Prototyping', 'Low and high fidelity design workflows.', 2, 6);
INSERT INTO modules (module_id, course_id, module_title, module_description, module_order, duration_hours) VALUES (18, 6, 'Usability Testing', 'Collecting feedback and iterating on designs.', 3, 4);

INSERT INTO modules (module_id, course_id, module_title, module_description, module_order, duration_hours) VALUES (19, 7, 'Advanced Query Patterns', 'Window functions, CTEs, and tuning basics.', 1, 7);
INSERT INTO modules (module_id, course_id, module_title, module_description, module_order, duration_hours) VALUES (20, 7, 'Stored Procedures and Functions', 'PL SQL program units and exception handling.', 2, 7);
INSERT INTO modules (module_id, course_id, module_title, module_description, module_order, duration_hours) VALUES (21, 7, 'Packages and Transaction Logic', 'Reusable logic and transaction-safe operations.', 3, 6);

INSERT INTO modules (module_id, course_id, module_title, module_description, module_order, duration_hours) VALUES (22, 8, 'React Component Basics', 'JSX, props, state, and events.', 1, 6);
INSERT INTO modules (module_id, course_id, module_title, module_description, module_order, duration_hours) VALUES (23, 8, 'Routing and Data Fetching', 'Client-side routing and API calls.', 2, 7);
INSERT INTO modules (module_id, course_id, module_title, module_description, module_order, duration_hours) VALUES (24, 8, 'Forms and UX Polish', 'Validation, feedback, and loading states.', 3, 5);

-- =========================================================
-- Enrollments
-- =========================================================
INSERT INTO enrollments (enrollment_id, student_id, course_id, enrollment_date, completion_status, progress_percent) VALUES (1, 1, 1, DATE '2025-05-01', 'COMPLETED', 100);
INSERT INTO enrollments (enrollment_id, student_id, course_id, enrollment_date, completion_status, progress_percent) VALUES (2, 1, 7, DATE '2025-06-10', 'IN_PROGRESS', 78);
INSERT INTO enrollments (enrollment_id, student_id, course_id, enrollment_date, completion_status, progress_percent) VALUES (3, 2, 2, DATE '2025-05-06', 'IN_PROGRESS', 66);
INSERT INTO enrollments (enrollment_id, student_id, course_id, enrollment_date, completion_status, progress_percent) VALUES (4, 2, 8, DATE '2025-07-02', 'ENROLLED', 15);
INSERT INTO enrollments (enrollment_id, student_id, course_id, enrollment_date, completion_status, progress_percent) VALUES (5, 3, 3, DATE '2025-05-14', 'COMPLETED', 100);
INSERT INTO enrollments (enrollment_id, student_id, course_id, enrollment_date, completion_status, progress_percent) VALUES (6, 3, 4, DATE '2025-08-03', 'IN_PROGRESS', 54);
INSERT INTO enrollments (enrollment_id, student_id, course_id, enrollment_date, completion_status, progress_percent) VALUES (7, 4, 5, DATE '2025-06-01', 'IN_PROGRESS', 49);
INSERT INTO enrollments (enrollment_id, student_id, course_id, enrollment_date, completion_status, progress_percent) VALUES (8, 4, 6, DATE '2025-08-15', 'ENROLLED', 12);
INSERT INTO enrollments (enrollment_id, student_id, course_id, enrollment_date, completion_status, progress_percent) VALUES (9, 5, 2, DATE '2025-06-20', 'COMPLETED', 100);
INSERT INTO enrollments (enrollment_id, student_id, course_id, enrollment_date, completion_status, progress_percent) VALUES (10, 5, 8, DATE '2025-09-01', 'IN_PROGRESS', 61);
INSERT INTO enrollments (enrollment_id, student_id, course_id, enrollment_date, completion_status, progress_percent) VALUES (11, 6, 1, DATE '2025-07-05', 'IN_PROGRESS', 45);
INSERT INTO enrollments (enrollment_id, student_id, course_id, enrollment_date, completion_status, progress_percent) VALUES (12, 6, 3, DATE '2025-08-09', 'ENROLLED', 20);
INSERT INTO enrollments (enrollment_id, student_id, course_id, enrollment_date, completion_status, progress_percent) VALUES (13, 7, 4, DATE '2025-07-18', 'COMPLETED', 100);
INSERT INTO enrollments (enrollment_id, student_id, course_id, enrollment_date, completion_status, progress_percent) VALUES (14, 7, 5, DATE '2025-09-09', 'IN_PROGRESS', 58);
INSERT INTO enrollments (enrollment_id, student_id, course_id, enrollment_date, completion_status, progress_percent) VALUES (15, 8, 6, DATE '2025-08-05', 'IN_PROGRESS', 72);
INSERT INTO enrollments (enrollment_id, student_id, course_id, enrollment_date, completion_status, progress_percent) VALUES (16, 8, 8, DATE '2025-10-01', 'ENROLLED', 8);
INSERT INTO enrollments (enrollment_id, student_id, course_id, enrollment_date, completion_status, progress_percent) VALUES (17, 9, 7, DATE '2025-07-25', 'IN_PROGRESS', 83);
INSERT INTO enrollments (enrollment_id, student_id, course_id, enrollment_date, completion_status, progress_percent) VALUES (18, 10, 3, DATE '2025-09-14', 'ENROLLED', 28);
INSERT INTO enrollments (enrollment_id, student_id, course_id, enrollment_date, completion_status, progress_percent) VALUES (19, 11, 2, DATE '2025-10-02', 'IN_PROGRESS', 41);
INSERT INTO enrollments (enrollment_id, student_id, course_id, enrollment_date, completion_status, progress_percent) VALUES (20, 12, 1, DATE '2025-10-10', 'ENROLLED', 10);

-- =========================================================
-- Payments
-- One PAID payment per enrollment because PL/SQL blocks duplicates.
-- =========================================================
INSERT INTO payments (payment_id, enrollment_id, amount, payment_date, payment_method, payment_status) VALUES (1, 1, 18000, DATE '2025-05-01', 'CARD', 'PAID');
INSERT INTO payments (payment_id, enrollment_id, amount, payment_date, payment_method, payment_status) VALUES (2, 2, 30000, DATE '2025-06-10', 'BANK_TRANSFER', 'PAID');
INSERT INTO payments (payment_id, enrollment_id, amount, payment_date, payment_method, payment_status) VALUES (3, 3, 32000, DATE '2025-05-06', 'CARD', 'PAID');
INSERT INTO payments (payment_id, enrollment_id, amount, payment_date, payment_method, payment_status) VALUES (4, 4, 25000, DATE '2025-07-02', 'CARD', 'PENDING');
INSERT INTO payments (payment_id, enrollment_id, amount, payment_date, payment_method, payment_status) VALUES (5, 5, 28000, DATE '2025-05-14', 'BANK_TRANSFER', 'PAID');
INSERT INTO payments (payment_id, enrollment_id, amount, payment_date, payment_method, payment_status) VALUES (6, 6, 26000, DATE '2025-08-03', 'CARD', 'PAID');
INSERT INTO payments (payment_id, enrollment_id, amount, payment_date, payment_method, payment_status) VALUES (7, 7, 24000, DATE '2025-06-01', 'CARD', 'PAID');
INSERT INTO payments (payment_id, enrollment_id, amount, payment_date, payment_method, payment_status) VALUES (8, 8, 22000, DATE '2025-08-15', 'DIGITAL_WALLET', 'PENDING');
INSERT INTO payments (payment_id, enrollment_id, amount, payment_date, payment_method, payment_status) VALUES (9, 9, 32000, DATE '2025-06-20', 'CARD', 'PAID');
INSERT INTO payments (payment_id, enrollment_id, amount, payment_date, payment_method, payment_status) VALUES (10, 10, 25000, DATE '2025-09-01', 'CARD', 'PAID');
INSERT INTO payments (payment_id, enrollment_id, amount, payment_date, payment_method, payment_status) VALUES (11, 11, 18000, DATE '2025-07-05', 'BANK_TRANSFER', 'FAILED');
INSERT INTO payments (payment_id, enrollment_id, amount, payment_date, payment_method, payment_status) VALUES (12, 12, 28000, DATE '2025-08-09', 'CARD', 'PENDING');
INSERT INTO payments (payment_id, enrollment_id, amount, payment_date, payment_method, payment_status) VALUES (13, 13, 26000, DATE '2025-07-18', 'CARD', 'PAID');
INSERT INTO payments (payment_id, enrollment_id, amount, payment_date, payment_method, payment_status) VALUES (14, 14, 24000, DATE '2025-09-09', 'DIGITAL_WALLET', 'PAID');
INSERT INTO payments (payment_id, enrollment_id, amount, payment_date, payment_method, payment_status) VALUES (15, 15, 22000, DATE '2025-08-05', 'CARD', 'PAID');
INSERT INTO payments (payment_id, enrollment_id, amount, payment_date, payment_method, payment_status) VALUES (16, 16, 25000, DATE '2025-10-01', 'CARD', 'PENDING');
INSERT INTO payments (payment_id, enrollment_id, amount, payment_date, payment_method, payment_status) VALUES (17, 17, 30000, DATE '2025-07-25', 'BANK_TRANSFER', 'PAID');
INSERT INTO payments (payment_id, enrollment_id, amount, payment_date, payment_method, payment_status) VALUES (18, 18, 28000, DATE '2025-09-14', 'CARD', 'PENDING');
INSERT INTO payments (payment_id, enrollment_id, amount, payment_date, payment_method, payment_status) VALUES (19, 19, 32000, DATE '2025-10-02', 'CARD', 'PAID');
INSERT INTO payments (payment_id, enrollment_id, amount, payment_date, payment_method, payment_status) VALUES (20, 20, 18000, DATE '2025-10-10', 'DIGITAL_WALLET', 'PENDING');

-- =========================================================
-- Certifications
-- Only for completed enrollments
-- =========================================================
INSERT INTO certifications (certificate_id, enrollment_id, certificate_code, issue_date, grade, certificate_status) VALUES (1, 1, 'CERT-DBF-2025-0001', DATE '2025-06-30', 'A', 'ISSUED');
INSERT INTO certifications (certificate_id, enrollment_id, certificate_code, issue_date, grade, certificate_status) VALUES (2, 5, 'CERT-DAP-2025-0002', DATE '2025-07-20', 'A-', 'ISSUED');
INSERT INTO certifications (certificate_id, enrollment_id, certificate_code, issue_date, grade, certificate_status) VALUES (3, 9, 'CERT-FSJ-2025-0003', DATE '2025-08-25', 'B+', 'ISSUED');
INSERT INTO certifications (certificate_id, enrollment_id, certificate_code, issue_date, grade, certificate_status) VALUES (4, 13, 'CERT-CLD-2025-0004', DATE '2025-09-15', 'A', 'ISSUED');

COMMIT;

PROMPT Oracle seed complete.
